Rank,Title,Link
1,خرید انواع سبد آشپزخانه،مسافرتی و نظم دهنده با بهترین قیمت,https://www.digikala.com/search/category-kitchenbasket/
2,سبد رخت چرک - قیمت جدیدترین انواع سبد لباس,https://www.digikala.com/search/category-clothbasket/
3,خرید و قیمت سبد آشپزخانه متفرقه - Digikala,https://www.digikala.com/search/category-kitchenbasket/miscellaneous/
4,سبد خرید مدل DPB15,https://www.digikala.com/product/dkp-2219727/%D8%B3%D8%A8%D8%AF-%D8%AE%D8%B1%DB%8C%D8%AF-%D9%85%D8%AF%D9%84-dpb15
5,قیمت و خرید سبد سامکو مدل YP-750,https://www.digikala.com/product/dkp-8904451/%D8%B3%D8%A8%D8%AF-%D8%B3%D8%A7%D9%85%DA%A9%D9%88-%D9%85%D8%AF%D9%84-yp-750
6,قیمت و خرید سبد ارگانایزر کابینتی مرسه مدل 1010,https://www.digikala.com/product/dkp-1050339/%D8%B3%D8%A8%D8%AF-%D8%A7%D8%B1%DA%AF%D8%A7%D9%86%D8%A7%DB%8C%D8%B2%D8%B1-%DA%A9%D8%A7%D8%A8%DB%8C%D9%86%D8%AA%DB%8C-%D9%85%D8%B1%D8%B3%D9%87-%D9%85%D8%AF%D9%84-1010
7,خرید انواع سبد سیب زمینی و پیاز از فروشگاه اینترنتی ...,https://www.digikala.com/search/category-basket-of-potatoes-and-onions/
8,خرید بهترین انواع محصولات سبد، آبکش و لگن با قیمت عالی,https://www.digikala.com/search/category-drainbowlsbuckets/
9,قیمت و خرید سبد نظم دهنده مدل N03,https://www.digikala.com/product/dkp-1518903/%D8%B3%D8%A8%D8%AF-%D9%86%D8%B8%D9%85-%D8%AF%D9%87%D9%86%D8%AF%D9%87-%D9%85%D8%AF%D9%84-n03
10,خرید بهترین انواع سبد رخت چرک لیمون با قیمت مناسب,https://www.digikala.com/search/category-clothbasket/limon/
11,قیمت و خرید سبد حصیر بافی کلبه بلوط مدل گردو,https://www.digikala.com/product/dkp-10462758/%D8%B3%D8%A8%D8%AF-%D8%AD%D8%B5%DB%8C%D8%B1-%D8%A8%D8%A7%D9%81%DB%8C-%DA%A9%D9%84%D8%A8%D9%87-%D8%A8%D9%84%D9%88%D8%B7-%D9%85%D8%AF%D9%84-%DA%AF%D8%B1%D8%AF%D9%88
12,سبد خرید دستی مدل ST-1,https://www.digikala.com/product/dkp-2700549/%D8%B3%D8%A8%D8%AF-%D8%AE%D8%B1%DB%8C%D8%AF-%D8%AF%D8%B3%D8%AA%DB%8C-%D9%85%D8%AF%D9%84-st-1
13,قیمت و خرید سبد سینک مرسه کد 1006,https://www.digikala.com/product/dkp-1050849/%D8%B3%D8%A8%D8%AF-%D8%B3%DB%8C%D9%86%DA%A9-%D9%85%D8%B1%D8%B3%D9%87-%DA%A9%D8%AF-1006
14,قیمت و خرید سبد سرو مرغ و سیب زمینی کد 110,https://www.digikala.com/product/dkp-5002819/%D8%B3%D8%A8%D8%AF-%D8%B3%D8%B1%D9%88-%D9%85%D8%B1%D8%BA-%D9%88-%D8%B3%DB%8C%D8%A8-%D8%B2%D9%85%DB%8C%D9%86%DB%8C-%DA%A9%D8%AF-110
15,خرید اینترنتی انواع سبد گل طبیعی، تنگ گل,https://www.digikala.com/search/category-flower-basket/
